<?xml version="1.0" encoding="UTF-8" ?>
<XMLDB PATH="mod/assignjava/feedback/editpdf/db" VERSION="20130926" COMMENT="XMLDB file for Moodle mod/assignjava/feedback/editpdf"
    xmlns:xsi="http://www.w3.org/2001/XMLSchema-instance"
    xsi:noNamespaceSchemaLocation="../../../../../lib/xmldb/xmldb.xsd"
>
  <TABLES>
    <TABLE NAME="assignjavafb_editpdf_cmnt" COMMENT="Stores comments added to pdfs">
      <FIELDS>
        <FIELD NAME="id" TYPE="int" LENGTH="10" NOTNULL="true" SEQUENCE="true"/>
        <FIELD NAME="gradeid" TYPE="int" LENGTH="10" NOTNULL="true" DEFAULT="0" SEQUENCE="false"/>
        <FIELD NAME="x" TYPE="int" LENGTH="10" NOTNULL="false" DEFAULT="0" SEQUENCE="false" COMMENT="x-position of the top-left corner of the comment (in pixels - image resolution is set to 100 pixels per inch)"/>
        <FIELD NAME="y" TYPE="int" LENGTH="10" NOTNULL="false" DEFAULT="0" SEQUENCE="false" COMMENT="y-position of the top-left corner of the comment (in pixels - image resolution is set to 100 pixels per inch)"/>
        <FIELD NAME="width" TYPE="int" LENGTH="10" NOTNULL="false" DEFAULT="120" SEQUENCE="false" COMMENT="width, in pixels, of the comment box"/>
        <FIELD NAME="rawtext" TYPE="text" NOTNULL="false" SEQUENCE="false" COMMENT="Raw text of the comment"/>
        <FIELD NAME="pageno" TYPE="int" LENGTH="10" NOTNULL="true" DEFAULT="0" SEQUENCE="false" COMMENT="The page in the PDF that this comment appears on"/>
        <FIELD NAME="colour" TYPE="char" LENGTH="10" NOTNULL="false" DEFAULT="black" SEQUENCE="false" COMMENT="Can be red, yellow, green, blue, white, black"/>
        <FIELD NAME="draft" TYPE="int" LENGTH="2" NOTNULL="true" DEFAULT="1" SEQUENCE="false" COMMENT="Is this a draft comment?"/>
      </FIELDS>
      <KEYS>
        <KEY NAME="primary" TYPE="primary" FIELDS="id"/>
        <KEY NAME="gradeid" TYPE="foreign" FIELDS="gradeid" REFTABLE="assignjava_grades" REFFIELDS="id"/>
      </KEYS>
      <INDEXES>
        <INDEX NAME="gradeid_pageno" UNIQUE="false" FIELDS="gradeid, pageno"/>
      </INDEXES>
    </TABLE>
    <TABLE NAME="assignjavafb_editpdf_annot" COMMENT="stores annotations added to pdfs submitted by students">
      <FIELDS>
        <FIELD NAME="id" TYPE="int" LENGTH="10" NOTNULL="true" SEQUENCE="true"/>
        <FIELD NAME="gradeid" TYPE="int" LENGTH="10" NOTNULL="true" DEFAULT="0" SEQUENCE="false"/>
        <FIELD NAME="pageno" TYPE="int" LENGTH="10" NOTNULL="true" DEFAULT="0" SEQUENCE="false" COMMENT="The page in the PDF that this annotation appears on"/>
        <FIELD NAME="x" TYPE="int" LENGTH="10" NOTNULL="false" DEFAULT="0" SEQUENCE="false" COMMENT="x-position of the start of the annotation (in pixels - image resolution is set to 100 pixels per inch)"/>
        <FIELD NAME="y" TYPE="int" LENGTH="10" NOTNULL="false" DEFAULT="0" SEQUENCE="false" COMMENT="y-position of the start of the annotation (in pixels - image resolution is set to 100 pixels per inch)"/>
        <FIELD NAME="endx" TYPE="int" LENGTH="10" NOTNULL="false" DEFAULT="0" SEQUENCE="false" COMMENT="x-position of the end of the annotation"/>
        <FIELD NAME="endy" TYPE="int" LENGTH="10" NOTNULL="false" DEFAULT="0" SEQUENCE="false" COMMENT="y-position of the end of the annotation"/>
        <FIELD NAME="path" TYPE="text" NOTNULL="false" SEQUENCE="false" COMMENT="SVG path describing the freehand line"/>
        <FIELD NAME="type" TYPE="char" LENGTH="10" NOTNULL="false" DEFAULT="line" SEQUENCE="false" COMMENT="line, oval, rect, etc."/>
        <FIELD NAME="colour" TYPE="char" LENGTH="10" NOTNULL="false" DEFAULT="black" SEQUENCE="false" COMMENT="Can be red, yellow, green, blue, white, black"/>
        <FIELD NAME="draft" TYPE="int" LENGTH="2" NOTNULL="true" DEFAULT="1" SEQUENCE="false" COMMENT="Is this a draft annotation?"/>
      </FIELDS>
      <KEYS>
        <KEY NAME="primary" TYPE="primary" FIELDS="id"/>
        <KEY NAME="gradeid" TYPE="foreign" FIELDS="gradeid" REFTABLE="assignjava_grades" REFFIELDS="id"/>
      </KEYS>
      <INDEXES>
        <INDEX NAME="gradeid_pageno" UNIQUE="false" FIELDS="gradeid, pageno"/>
      </INDEXES>
    </TABLE>
    <TABLE NAME="assignjavafb_editpdf_quick" COMMENT="Stores teacher specified quicklist comments">
      <FIELDS>
        <FIELD NAME="id" TYPE="int" LENGTH="10" NOTNULL="true" SEQUENCE="true"/>
        <FIELD NAME="userid" TYPE="int" LENGTH="10" NOTNULL="true" DEFAULT="0" SEQUENCE="false"/>
        <FIELD NAME="rawtext" TYPE="text" NOTNULL="true" SEQUENCE="false"/>
        <FIELD NAME="width" TYPE="int" LENGTH="10" NOTNULL="true" DEFAULT="120" SEQUENCE="false"/>
        <FIELD NAME="colour" TYPE="char" LENGTH="10" NOTNULL="false" DEFAULT="yellow" SEQUENCE="false"/>
      </FIELDS>
      <KEYS>
        <KEY NAME="primary" TYPE="primary" FIELDS="id"/>
        <KEY NAME="userid" TYPE="foreign" FIELDS="userid" REFTABLE="user" REFFIELDS="id"/>
      </KEYS>
    </TABLE>
  </TABLES>
</XMLDB>
