<?xml version="1.0" encoding="UTF-8" ?>
<XMLDB PATH="mod/assignjava/feedback/file/db" VERSION="20120423" COMMENT="XMLDB file for Moodle mod/assignjava/feedback/file"
    xmlns:xsi="http://www.w3.org/2001/XMLSchema-instance"
    xsi:noNamespaceSchemaLocation="../../../../../lib/xmldb/xmldb.xsd"
>
  <TABLES>
    <TABLE NAME="assignjavafeedback_file" COMMENT="Stores info about the number of files submitted by a student.">
      <FIELDS>
        <FIELD NAME="id" TYPE="int" LENGTH="10" NOTNULL="true" SEQUENCE="true"/>
        <FIELD NAME="assignment" TYPE="int" LENGTH="10" NOTNULL="true" DEFAULT="0" SEQUENCE="false"/>
        <FIELD NAME="grade" TYPE="int" LENGTH="10" NOTNULL="true" DEFAULT="0" SEQUENCE="false"/>
        <FIELD NAME="numfiles" TYPE="int" LENGTH="10" NOTNULL="true" DEFAULT="0" SEQUENCE="false" COMMENT="The number of files uploaded by a grader."/>
      </FIELDS>
      <KEYS>
        <KEY NAME="primary" TYPE="primary" FIELDS="id" COMMENT="Unique id for this feedback value."/>
        <KEY NAME="assignment" TYPE="foreign" FIELDS="assignment" REFTABLE="assignjava" REFFIELDS="id" COMMENT="The assignment instance this feedback relates to."/>
        <KEY NAME="grade" TYPE="foreign" FIELDS="grade" REFTABLE="assignjava_grades" REFFIELDS="id" COMMENT="The grade instance this feedback relates to."/>
      </KEYS>
    </TABLE>
  </TABLES>
</XMLDB>
